,date,open,close,high,low,volume,code
74,2015-04-27,9.408,9.723,9.779,9.408,3845414.0,600000
75,2015-04-28,9.772,9.814,10.303,9.604,6000539.0,600000
76,2015-04-29,9.793,9.975,10.066,9.646,3583937.0,600000
77,2015-04-30,9.8,9.653,9.926,9.639,4127605.0,600000
78,2015-05-04,9.604,9.471,9.604,9.324,2580645.0,600000
79,2015-05-05,9.415,8.961,9.429,8.8,3753864.0,600000
80,2015-05-06,8.961,8.947,9.261,8.884,3036078.0,600000
81,2015-05-07,8.926,8.954,9.101,8.891,2143907.0,600000
82,2015-05-08,9.038,8.982,9.115,8.779,1845600.0,600000
83,2015-05-11,8.891,9.094,9.122,8.758,2771534.0,600000
84,2015-05-12,9.08,9.073,9.185,8.933,2191763.0,600000
85,2015-05-13,9.136,8.954,9.178,8.835,2452444.0,600000
86,2015-05-14,8.975,8.898,9.08,8.863,1923619.0,600000
87,2015-05-15,8.842,8.751,8.954,8.618,2095972.0,600000
88,2015-05-18,8.639,8.471,8.737,8.443,1875552.0,600000
89,2015-05-19,8.464,8.933,8.968,8.45,2422512.0,600000
90,2015-05-20,8.933,9.01,9.247,8.884,2656757.0,600000
91,2015-05-21,9.08,9.129,9.185,8.975,1664034.0,600000
92,2015-05-22,9.226,9.436,9.457,9.143,2480875.0,600000
93,2015-05-25,9.499,9.702,9.73,9.492,2738747.0,600000
94,2015-05-26,9.758,9.877,9.919,9.541,3016652.0,600000
95,2015-05-27,9.912,9.653,10.059,9.639,2969423.0,600000
96,2015-05-28,9.674,8.933,9.702,8.912,3340322.0,600000
97,2015-05-29,8.961,8.933,9.15,8.702,2560873.0,600000
98,2015-06-01,8.933,9.555,9.66,8.807,2863792.0,600000
99,2015-06-02,9.555,9.492,9.583,9.254,2249355.0,600000
100,2015-06-03,9.527,9.534,9.639,9.282,2441396.0,600000
101,2015-06-04,9.604,10.045,10.164,9.31,4718649.0,600000
102,2015-06-05,10.303,9.905,10.422,9.618,3624201.0,600000
103,2015-06-17,9.947,9.744,10.289,9.569,5131186.0,600000
104,2015-06-18,9.667,9.408,9.779,9.352,2782967.0,600000
105,2015-06-19,9.31,8.954,9.569,8.793,2780902.0,600000
106,2015-06-23,9.05,9.448,9.497,8.903,2977488.0,600000
107,2015-06-24,9.455,9.609,9.644,9.14,2578253.0,600000
108,2015-06-25,9.854,9.231,9.952,9.189,2716490.0,600000
109,2015-06-26,9.036,8.63,9.49,8.266,3617767.0,600000
110,2015-06-29,8.945,8.672,9.106,7.903,4206756.0,600000
111,2015-06-30,8.686,9.406,9.42,8.672,3754112.0,600000
112,2015-07-01,9.301,8.959,9.385,8.875,2505559.0,600000
113,2015-07-02,9.085,8.994,9.315,8.602,3222648.0,600000
114,2015-07-03,9.008,8.644,9.182,8.106,3127010.0,600000
115,2015-07-06,9.714,9.588,9.756,9.175,6594218.0,600000
116,2015-07-07,9.392,9.833,10.008,9.057,7137635.0,600000
117,2015-07-08,8.875,8.7,9.784,8.602,8379504.0,600000
118,2015-07-09,8.7,9.399,9.714,8.301,5452372.0,600000
119,2015-07-10,9.266,9.63,10.238,9.189,6477685.0,600000
120,2015-07-13,9.427,9.462,9.77,9.301,3725946.0,600000
121,2015-07-14,9.28,9.259,9.42,8.987,3057258.0,600000
122,2015-07-15,9.224,9.483,9.525,9.092,3482535.0,600000
123,2015-07-16,9.483,9.406,9.518,9.231,1814025.0,600000
124,2015-07-17,9.455,9.448,9.567,9.35,1959275.0,600000
125,2015-07-20,9.434,9.21,9.455,9.189,1729181.0,600000
126,2015-07-21,9.14,9.001,9.238,8.945,1562682.0,600000
127,2015-07-22,8.966,8.847,9.001,8.84,1203527.0,600000
128,2015-07-23,8.903,9.036,9.092,8.861,1145254.0,600000
129,2015-07-24,9.036,8.833,9.078,8.826,1236091.0,600000
130,2015-07-27,8.735,7.973,8.805,7.924,2250915.0,600000
131,2015-07-28,7.812,8.203,8.315,7.77,2460950.0,600000
132,2015-07-29,8.189,8.238,8.245,8.119,1358586.0,600000
133,2015-07-30,8.238,7.966,8.287,7.952,1189217.0,600000
134,2015-07-31,8.015,8.085,8.147,7.791,2349412.0,600000
135,2015-08-03,8.029,8.42,8.455,7.938,2123671.0,600000
136,2015-08-04,8.371,8.469,8.504,8.301,851543.0,600000
137,2015-08-05,8.455,8.252,8.483,8.224,581858.0,600000
138,2015-08-06,8.147,8.301,8.434,8.133,653779.0,600000
139,2015-08-07,8.441,8.364,8.483,8.308,653022.0,600000
140,2015-08-10,8.35,8.581,8.637,8.28,1169382.0,600000
141,2015-08-11,8.525,8.434,8.56,8.392,1051041.0,600000
142,2015-08-12,8.315,8.308,8.455,8.301,791843.0,600000
143,2015-08-13,8.364,8.35,8.427,8.238,740342.0,600000
144,2015-08-14,8.364,8.378,8.413,8.294,663560.0,600000
145,2015-08-17,8.322,8.259,8.322,8.189,1208920.0,600000
146,2015-08-18,8.28,7.945,8.399,7.917,1984452.0,600000
147,2015-08-19,7.945,8.036,8.154,7.686,1990620.0,600000
148,2015-08-20,7.994,7.812,8.029,7.798,881247.0,600000
149,2015-08-21,7.763,7.49,7.854,7.476,1237928.0,600000
150,2015-08-24,7.287,6.546,7.301,6.497,3348594.0,600000
151,2015-08-25,6.315,6.21,6.693,5.875,2894706.0,600000
152,2015-08-26,6.392,6.651,6.882,6.217,2352145.0,600000
153,2015-08-27,6.749,7.322,7.399,6.623,2120088.0,600000
154,2015-08-28,7.406,7.504,7.56,7.231,2089509.0,600000
155,2015-08-31,7.476,8.008,8.022,7.308,2026285.0,600000
156,2015-09-01,7.798,8.266,8.273,7.623,3049046.0,600000
157,2015-09-02,7.966,7.959,8.294,7.84,2550452.0,600000
158,2015-09-07,7.847,7.686,8.043,7.448,2879486.0,600000
159,2015-09-08,7.7,8.078,8.147,7.49,3308141.0,600000
160,2015-09-09,7.973,8.147,8.224,7.973,2419175.0,600000
161,2015-09-10,8.078,8.21,8.224,8.008,2057490.0,600000
162,2015-09-11,8.28,8.427,8.497,8.245,2887085.0,600000
163,2015-09-14,8.385,8.686,8.7,7.987,1839366.0,600000
164,2015-09-15,8.406,8.357,8.42,8.203,1076024.0,600000
165,2015-09-16,8.252,8.336,8.595,8.057,741289.0,600000
166,2015-09-17,8.273,8.112,8.357,8.106,508486.0,600000
167,2015-09-18,8.147,8.057,8.238,8.05,408992.0,600000
168,2015-09-21,8.008,8.015,8.092,7.924,404883.0,600000
169,2015-09-22,8.015,8.071,8.196,8.015,386738.0,600000
170,2015-09-23,7.973,8.001,8.036,7.812,545806.0,600000
171,2015-09-24,8.001,8.224,8.245,7.945,788625.0,600000
172,2015-09-25,8.14,8.448,8.469,8.14,1360708.0,600000
173,2015-09-28,8.42,8.679,8.707,8.329,914258.0,600000
174,2015-09-29,8.588,8.714,8.728,8.504,1141902.0,600000
175,2015-09-30,8.7,9.175,9.189,8.665,2110381.0,600000
176,2015-10-08,9.294,8.644,9.294,8.616,1400571.0,600000
177,2015-10-09,8.714,8.665,8.84,8.63,415258.0,600000
178,2015-10-12,8.665,8.777,8.91,8.546,936333.0,600000
179,2015-10-13,8.721,8.714,8.812,8.63,546987.0,600000
180,2015-10-14,8.602,8.665,8.798,8.602,442978.0,600000
181,2015-10-26,8.756,8.931,9.133,8.756,1010410.0,600000
182,2015-10-27,8.896,8.959,9.05,8.84,749339.0,600000
183,2015-10-28,8.917,8.952,9.112,8.798,742262.0,600000
184,2015-10-29,8.945,9.147,9.175,8.896,757605.0,600000
185,2015-10-30,9.085,9.008,9.21,9.001,454654.0,600000
186,2015-11-02,8.945,9.022,9.099,8.889,381227.0,600000
187,2015-11-03,9.015,9.057,9.273,8.994,604850.0,600000
188,2015-11-04,9.036,9.322,9.378,9.036,650539.0,600000
189,2015-11-05,9.329,9.931,10.182,9.259,2317996.0,600000
190,2015-11-06,9.798,10.05,10.259,9.791,1275942.0,600000
191,2015-11-09,10.078,10.238,10.966,10.05,1578200.0,600000
192,2015-11-10,10.133,10.392,10.616,10.008,1404271.0,600000
193,2015-11-11,10.42,9.945,10.476,9.784,921302.0,600000
194,2015-11-12,9.994,9.686,10.015,9.539,777901.0,600000
195,2015-11-13,9.574,9.84,9.854,9.539,734331.0,600000
196,2015-11-16,9.672,9.728,9.84,9.574,451446.0,600000
197,2015-11-17,9.756,9.742,10.001,9.728,635392.0,600000
198,2015-11-18,9.763,9.707,9.91,9.602,575845.0,600000
199,2015-11-19,9.644,10.064,10.126,9.644,1025434.0,600000
200,2015-11-20,10.001,10.462,10.574,9.98,1482062.0,600000
201,2015-11-23,10.49,10.875,10.924,10.441,1712037.0,600000
202,2015-11-24,10.763,10.868,10.917,10.546,1293891.0,600000
203,2015-11-25,10.763,11.301,11.308,10.441,3265247.0,600000
204,2015-11-26,11.182,11.092,11.322,10.973,2149442.0,600000
205,2015-11-27,10.945,10.504,11.126,10.413,1056087.0,600000
206,2015-11-30,10.441,10.588,10.7,9.854,976338.0,600000
207,2015-12-01,10.378,10.595,10.833,10.189,634305.0,600000
208,2015-12-02,10.49,11.427,11.532,10.469,1536080.0,600000
209,2015-12-03,11.322,11.008,11.371,10.987,1103463.0,600000
210,2015-12-04,11.022,10.63,11.022,10.616,702758.0,600000
211,2015-12-07,10.63,11.147,11.182,10.63,833468.0,600000
212,2015-12-08,11.029,11.602,11.616,10.7,2398849.0,600000
213,2015-12-09,11.238,10.994,11.238,10.91,920494.0,600000
214,2015-12-10,11.071,11.022,11.448,10.91,570913.0,600000
215,2015-12-11,10.84,10.553,10.987,10.434,870668.0,600000
216,2015-12-14,10.35,10.448,10.574,10.154,707369.0,600000
217,2015-12-15,10.441,10.35,10.707,10.252,516857.0,600000
218,2015-12-16,10.385,10.259,10.448,10.21,387006.0,600000
219,2015-12-17,10.315,10.476,10.56,10.273,533040.0,600000
220,2015-12-18,10.476,10.7,11.392,10.434,922119.0,600000
221,2015-12-21,10.686,10.931,11.112,10.511,824900.0,600000
222,2015-12-22,10.84,10.763,11.036,10.672,531227.0,600000
223,2015-12-23,10.77,10.749,10.924,10.56,661281.0,600000
224,2015-12-24,10.728,10.861,10.931,10.602,571715.0,600000
225,2015-12-25,10.847,11.057,11.168,10.784,554278.0,600000
226,2015-12-28,11.092,10.623,11.133,10.567,499806.0,600000
227,2015-12-29,10.574,10.651,10.777,10.406,472884.0,600000
228,2015-12-30,10.63,10.532,10.679,10.35,356873.0,600000
229,2015-12-31,10.497,10.322,10.497,10.315,279361.0,600000
230,2016-01-04,10.329,9.994,10.329,9.819,422406.0,600000
231,2016-01-05,9.791,10.106,10.175,9.714,580547.0,600000
232,2016-01-06,10.064,10.203,10.231,9.917,467726.0,600000
233,2016-01-07,9.994,9.791,10.064,9.714,113504.0,600000
234,2016-01-08,9.952,9.777,10.05,9.371,719182.0,600000
235,2016-01-11,9.581,9.469,9.749,9.406,901771.0,600000
236,2016-01-12,9.553,9.749,9.798,9.49,553744.0,600000
237,2016-01-13,9.833,9.707,10.064,9.679,478693.0,600000
238,2016-01-14,9.434,10.078,10.126,9.357,548388.0,600000
239,2016-01-15,9.994,9.84,10.238,9.798,467231.0,600000
240,2016-01-18,9.735,9.91,10.126,9.658,327290.0,600000
241,2016-01-19,9.98,9.973,10.05,9.784,298071.0,600000
242,2016-01-20,9.861,9.609,9.924,9.49,359686.0,600000
243,2016-01-21,9.588,9.14,9.756,9.085,341971.0,600000
244,2016-01-22,9.322,9.448,9.511,9.078,420073.0,600000
245,2016-01-25,9.434,9.455,9.553,9.238,235589.0,600000
246,2016-01-26,9.406,9.196,9.532,9.015,382797.0,600000
247,2016-01-27,9.259,9.21,9.42,9.092,442913.0,600000
248,2016-01-28,9.266,9.14,9.308,8.651,389021.0,600000
249,2016-01-29,9.099,9.364,9.469,9.022,474290.0,600000
250,2016-02-01,9.427,9.085,9.434,9.022,291395.0,600000
251,2016-02-02,9.085,9.266,9.392,9.057,253809.0,600000
252,2016-02-03,9.154,9.161,9.196,9.05,277791.0,600000
253,2016-02-04,9.322,9.644,9.658,9.175,471628.0,600000
254,2016-02-05,9.602,10.399,10.406,9.539,784134.0,600000
255,2016-02-15,10.119,10.448,10.469,9.994,672963.0,600000
256,2016-03-11,9.791,9.413,9.805,9.161,982403.0,600000
257,2016-03-14,9.35,9.336,9.763,9.308,569222.0,600000
258,2016-03-15,9.399,9.448,9.567,9.301,375409.0,600000
259,2016-03-16,9.378,10.154,10.182,9.371,1084043.0,600000
260,2016-03-17,10.001,9.924,10.266,9.749,686358.0,600000
261,2016-03-18,9.987,10.022,10.133,9.889,559879.0,600000
262,2016-03-21,9.98,10.175,10.308,9.98,420015.0,600000
263,2016-03-22,10.196,10.238,10.574,10.147,437608.0,600000
264,2016-03-23,10.245,10.224,10.378,10.175,278307.0,600000
265,2016-03-24,10.21,9.938,10.21,9.91,274482.0,600000
266,2016-03-25,9.938,9.952,10.043,9.91,136191.0,600000
267,2016-03-28,9.98,9.749,10.133,9.693,245216.0,600000
268,2016-03-29,9.805,9.749,9.896,9.693,191511.0,600000
269,2016-03-30,9.889,10.043,10.099,9.889,355621.0,600000
270,2016-03-31,10.119,10.085,10.189,9.938,237621.0,600000
271,2016-04-01,10.119,10.259,10.308,9.861,357905.0,600000
272,2016-04-05,10.092,10.252,10.336,9.966,426222.0,600000
273,2016-04-06,10.154,10.106,10.231,10.043,234287.0,600000
274,2016-04-07,10.099,9.917,10.133,9.875,290477.0,600000
275,2016-04-08,9.826,9.854,9.966,9.805,171322.0,600000
276,2016-04-11,9.854,9.903,10.008,9.819,241176.0,600000
277,2016-04-12,9.917,9.868,9.924,9.805,141007.0,600000
278,2016-04-13,9.945,9.952,10.126,9.917,351897.0,600000
279,2016-04-14,10.064,9.994,10.14,9.959,157962.0,600000
280,2016-04-15,10.099,10.057,10.175,9.994,347735.0,600000
281,2016-04-18,9.959,10.001,10.154,9.896,280841.0,600000
282,2016-04-19,10.099,10.064,10.119,9.98,272463.0,600000
283,2016-04-20,10.057,10.106,10.126,9.651,466146.0,600000
284,2016-04-21,10.008,10.217,10.378,9.959,482129.0,600000
285,2016-04-22,10.133,10.301,10.385,10.092,281781.0,600000
286,2016-04-25,10.238,10.05,10.245,10.008,242943.0,600000
287,2016-04-26,10.043,10.078,10.189,9.959,157394.0,600000
288,2016-04-27,10.112,10.036,10.112,9.994,138388.0,600000
289,2016-04-28,10.085,10.064,10.203,10.015,157284.0,600000
290,2016-04-29,10.015,10.015,10.092,9.959,230659.0,600000
291,2016-05-03,10.099,10.217,10.301,10.015,277767.0,600000
292,2016-05-04,10.175,10.189,10.294,10.147,231189.0,600000
293,2016-05-05,10.175,10.175,10.217,10.119,149366.0,600000
294,2016-05-06,10.182,9.945,10.203,9.931,234067.0,600000
295,2016-05-09,9.931,9.791,9.994,9.714,219475.0,600000
296,2016-05-10,9.7,9.77,9.826,9.7,168466.0,600000
297,2016-05-11,9.819,9.749,9.833,9.714,119411.0,600000
298,2016-05-12,9.735,9.721,9.784,9.574,146689.0,600000
299,2016-05-13,9.693,9.602,9.756,9.588,110138.0,600000
300,2016-05-16,9.595,9.637,9.679,9.581,110456.0,600000
301,2016-05-17,9.637,9.609,9.672,9.546,97651.0,600000
302,2016-05-18,9.609,9.826,9.868,9.448,309624.0,600000
303,2016-05-19,9.742,9.679,9.777,9.665,103808.0,600000
304,2016-05-20,9.651,9.749,9.784,9.623,111406.0,600000
305,2016-05-23,9.784,9.819,9.91,9.742,140806.0,600000
306,2016-05-24,9.77,9.819,9.854,9.735,107259.0,600000
307,2016-05-25,9.91,9.903,9.945,9.854,137662.0,600000
308,2016-05-26,9.889,9.924,10.036,9.889,110650.0,600000
309,2016-05-27,9.917,9.952,9.973,9.875,116212.0,600000
310,2016-05-30,10.022,10.099,10.112,9.91,175381.0,600000
311,2016-05-31,10.085,10.336,10.413,10.078,356315.0,600000
312,2016-06-01,10.343,10.266,10.378,10.224,183124.0,600000
313,2016-06-02,10.273,10.147,10.343,10.085,177865.0,600000
314,2016-06-03,10.217,10.14,10.224,10.064,180035.0,600000
315,2016-06-06,10.168,10.147,10.21,10.112,178562.0,600000
316,2016-06-07,10.203,10.147,10.224,10.112,165339.0,600000
317,2016-06-08,10.14,10.126,10.182,10.112,237583.0,600000
318,2016-06-13,10.036,9.98,10.092,9.973,300515.0,600000
319,2016-06-14,9.973,9.987,10.015,9.924,187733.0,600000
320,2016-06-15,9.861,9.952,9.966,9.819,263321.0,600000
321,2016-06-16,9.903,9.994,10.085,9.854,308711.0,600000
322,2016-06-17,9.959,9.973,10.126,9.952,174122.0,600000
323,2016-06-20,10.085,10.029,10.085,9.959,96814.0,600000
324,2016-06-21,10.05,9.98,10.099,9.959,158528.0,600000
325,2016-06-22,9.994,10.057,10.064,9.98,142275.0,600000
326,2016-06-23,10.137,9.999,10.137,9.991,128822.0,600000
327,2016-06-24,9.983,9.66,10.052,9.506,305755.0,600000
328,2016-06-27,9.668,9.683,9.745,9.583,191634.0,600000
329,2016-06-28,9.652,9.66,9.675,9.583,125598.0,600000
330,2016-06-29,9.668,9.829,9.86,9.66,212533.0,600000
331,2016-06-30,9.829,9.883,9.952,9.783,207358.0,600000
332,2016-07-01,9.883,10.152,10.183,9.86,251064.0,600000
333,2016-07-04,10.106,10.16,10.237,10.06,214116.0,600000
334,2016-07-05,10.168,10.052,10.175,10.022,161716.0,600000
335,2016-07-06,9.991,9.937,10.029,9.914,229765.0,600000
336,2016-07-07,9.929,9.883,9.937,9.791,244980.0,600000
337,2016-07-08,9.868,9.791,9.875,9.783,149013.0,600000
338,2016-07-11,9.875,9.775,9.883,9.752,228524.0,600000
339,2016-07-12,9.814,9.937,9.945,9.791,255451.0,600000
340,2016-07-13,9.945,10.052,10.191,9.937,362380.0,600000
341,2016-07-14,10.037,9.983,10.091,9.937,168834.0,600000
342,2016-07-15,9.991,9.991,10.022,9.945,159981.0,600000
343,2016-07-18,10.006,10.037,10.145,9.952,277669.0,600000
344,2016-07-19,10.037,10.006,10.06,9.945,171798.0,600000
345,2016-07-20,9.983,10.022,10.029,9.929,148665.0,600000
346,2016-07-21,10.014,10.083,10.114,9.983,220204.0,600000
347,2016-07-22,10.068,9.929,10.075,9.891,167117.0,600000
348,2016-07-25,9.929,9.975,10.029,9.929,114419.0,600000
349,2016-07-26,9.975,10.014,10.052,9.945,204623.0,600000
350,2016-07-27,10.006,10.114,10.122,9.791,406973.0,600000
351,2016-07-28,10.037,9.968,10.052,9.945,174513.0,600000
352,2016-07-29,9.945,9.983,9.991,9.914,143483.0,600000
353,2016-08-01,9.968,10.06,10.099,9.945,229099.0,600000
354,2016-08-02,10.052,10.022,10.099,9.968,108778.0,600000
355,2016-08-03,9.937,9.96,9.999,9.922,105839.0,600000
356,2016-08-04,9.975,9.899,9.975,9.822,156104.0,600000
357,2016-08-05,9.906,10.006,10.06,9.899,176485.0,600000
358,2016-08-08,10.029,10.014,10.029,9.952,131293.0,600000
359,2016-08-09,10.022,10.052,10.06,9.991,154808.0,600000
360,2016-08-10,10.06,10.083,10.099,10.006,184995.0,600000
361,2016-08-11,10.022,10.268,10.522,10.014,526894.0,600000
362,2016-08-12,10.306,10.491,10.514,10.214,469916.0,600000
363,2016-08-15,10.599,10.937,10.999,10.56,773338.0,600000
364,2016-08-16,10.937,10.752,10.975,10.729,493840.0,600000
365,2016-08-17,10.768,10.706,10.868,10.614,364465.0,600000
366,2016-08-18,10.637,10.552,10.806,10.483,371101.0,600000
367,2016-08-19,10.545,10.537,10.599,10.491,199273.0,600000
368,2016-08-22,10.537,10.529,10.575,10.452,197686.0,600000
369,2016-08-23,10.529,10.522,10.645,10.46,317543.0,600000
370,2016-08-24,10.529,10.514,10.606,10.475,170854.0,600000
371,2016-08-25,10.491,10.475,10.529,10.368,247499.0,600000
372,2016-08-26,10.491,10.475,10.522,10.437,146880.0,600000
373,2016-08-29,10.452,10.391,10.499,10.275,302020.0,600000
374,2016-08-30,10.399,10.522,10.591,10.399,363969.0,600000
375,2016-08-31,10.483,10.583,10.645,10.46,220034.0,600000
376,2016-09-01,10.583,10.529,10.637,10.506,212720.0,600000
377,2016-09-02,10.506,10.583,10.599,10.483,231470.0,600000
378,2016-09-05,10.591,10.591,10.66,10.537,256770.0,600000
379,2016-09-06,10.591,10.529,10.622,10.499,202826.0,600000
380,2016-09-07,10.529,10.583,10.599,10.483,179755.0,600000
381,2016-09-08,10.575,10.675,10.683,10.545,244069.0,600000
382,2016-09-09,10.691,10.645,10.722,10.599,187394.0,600000
383,2016-09-12,10.506,10.522,10.575,10.414,365091.0,600000
384,2016-09-13,10.522,10.56,10.568,10.514,142343.0,600000
385,2016-09-14,10.545,10.522,10.583,10.506,239814.0,600000
386,2016-09-19,10.56,10.568,10.606,10.537,144659.0,600000
387,2016-09-20,10.575,10.568,10.583,10.537,173968.0,600000
388,2016-09-21,10.575,10.56,10.606,10.545,94161.0,600000
389,2016-09-22,10.591,10.622,10.668,10.575,115278.0,600000
390,2016-09-23,10.637,10.583,10.637,10.583,102004.0,600000
391,2016-09-26,10.56,10.583,10.652,10.529,207691.0,600000
392,2016-09-27,10.537,10.583,10.614,10.537,170254.0,600000
393,2016-09-28,10.583,10.583,10.622,10.568,128419.0,600000
394,2016-09-29,10.614,10.599,10.637,10.591,109974.0,600000
395,2016-09-30,10.599,10.591,10.622,10.583,121902.0,600000
396,2016-10-10,10.622,10.637,10.675,10.583,186668.0,600000
397,2016-10-11,10.652,10.652,10.66,10.599,126903.0,600000
398,2016-10-12,10.629,10.606,10.629,10.583,106438.0,600000
399,2016-10-13,10.606,10.545,10.614,10.537,145043.0,600000
400,2016-10-14,10.545,10.568,10.575,10.506,106601.0,600000
401,2016-10-17,10.529,10.422,10.552,10.383,164249.0,600000
402,2016-10-18,10.429,10.475,10.514,10.399,182518.0,600000
403,2016-10-19,10.483,10.422,10.514,10.399,111431.0,600000
404,2016-10-20,10.422,10.437,10.475,10.406,89857.0,600000
405,2016-10-21,10.437,10.445,10.475,10.383,108847.0,600000
406,2016-10-24,10.445,10.575,10.66,10.422,247572.0,600000
407,2016-10-25,10.583,10.537,10.599,10.491,133093.0,600000
408,2016-10-26,10.522,10.46,10.537,10.445,124368.0,600000
409,2016-10-27,10.445,10.36,10.452,10.352,195174.0,600000
410,2016-10-28,10.36,10.437,10.475,10.352,150672.0,600000
411,2016-10-31,10.391,10.422,10.452,10.222,146732.0,600000
412,2016-11-01,10.414,10.445,10.468,10.375,130282.0,600000
413,2016-11-02,10.375,10.368,10.445,10.352,250511.0,600000
414,2016-11-03,10.36,10.483,10.506,10.36,258641.0,600000
415,2016-11-04,10.445,10.522,10.622,10.437,215164.0,600000
416,2016-11-07,10.514,10.537,10.56,10.506,213516.0,600000
417,2016-11-08,10.56,10.575,10.629,10.552,173071.0,600000
418,2016-11-09,10.575,10.568,10.622,10.491,398265.0,600000
419,2016-11-10,10.637,10.652,10.706,10.583,204845.0,600000
420,2016-11-11,10.645,10.668,10.699,10.56,215391.0,600000
421,2016-11-14,10.622,10.675,10.752,10.614,181244.0,600000
422,2016-11-15,10.668,10.668,10.683,10.599,157141.0,600000
423,2016-11-16,10.668,10.675,10.699,10.629,123955.0,600000
424,2016-11-17,10.66,10.675,10.699,10.614,227185.0,600000
425,2016-11-18,10.668,10.675,10.706,10.637,292743.0,600000
426,2016-11-21,10.668,10.706,10.775,10.629,214324.0,600000
427,2016-11-22,10.729,10.737,10.768,10.699,210809.0,600000
428,2016-11-23,10.737,10.929,11.16,10.722,450364.0,600000
429,2016-11-24,10.929,10.899,11.075,10.875,210431.0,600000
430,2016-11-25,10.899,11.052,11.06,10.837,233352.0,600000
431,2016-11-28,11.099,11.145,11.36,11.099,338352.0,600000
432,2016-11-29,11.145,11.183,11.252,11.068,295300.0,600000
433,2016-11-30,11.199,11.106,11.329,11.06,201350.0,600000
434,2016-12-01,11.099,11.099,11.191,11.022,184492.0,600000
435,2016-12-02,11.06,11.06,11.122,10.829,338958.0,600000
436,2016-12-05,10.945,11.214,11.229,10.914,382013.0,600000
437,2016-12-06,11.199,11.152,11.306,11.137,209480.0,600000
438,2016-12-07,11.114,11.037,11.137,11.029,155507.0,600000
439,2016-12-08,11.099,11.091,11.137,11.014,132345.0,600000
440,2016-12-09,11.091,11.245,11.337,11.075,288356.0,600000
441,2016-12-12,11.245,11.36,11.422,11.129,483595.0,600000
442,2016-12-13,11.26,11.114,11.322,11.106,156028.0,600000
443,2016-12-14,11.114,11.122,11.306,11.075,178605.0,600000
444,2016-12-15,11.083,10.752,11.083,10.752,308096.0,600000
445,2016-12-16,10.752,10.722,10.852,10.699,145313.0,600000
446,2016-12-19,10.714,10.614,10.752,10.606,84834.0,600000
447,2016-12-20,10.614,10.429,10.645,10.306,225258.0,600000
448,2016-12-21,10.414,10.46,10.499,10.406,126388.0,600000
449,2016-12-22,10.46,10.36,10.468,10.322,114991.0,600000
450,2016-12-23,10.345,10.36,10.383,10.268,111879.0,600000
451,2016-12-26,10.314,10.406,10.429,10.222,144824.0,600000
452,2016-12-27,10.406,10.322,10.46,10.314,106658.0,600000
453,2016-12-28,10.322,10.283,10.36,10.237,144415.0,600000
454,2016-12-29,10.283,10.268,10.329,10.206,118513.0,600000
455,2016-12-30,10.268,10.375,10.391,10.245,122621.0,600000
456,2017-01-03,10.375,10.445,10.552,10.345,162371.0,600000
457,2017-01-04,10.437,10.468,10.483,10.352,296587.0,600000
458,2017-01-05,10.445,10.445,10.506,10.399,264376.0,600000
459,2017-01-06,10.445,10.352,10.445,10.314,171955.0,600000
460,2017-01-09,10.399,10.368,10.437,10.314,149087.0,600000
461,2017-01-10,10.352,10.36,10.399,10.322,79967.0,600000
462,2017-01-11,10.399,10.337,10.399,10.329,91933.0,600000
463,2017-01-12,10.352,10.306,10.368,10.299,82961.0,600000
464,2017-01-13,10.291,10.422,10.437,10.291,190341.0,600000
465,2017-01-16,10.391,10.645,10.675,10.291,533047.0,600000
466,2017-01-17,10.568,10.522,10.629,10.499,125552.0,600000
467,2017-01-18,10.537,10.583,10.637,10.491,114786.0,600000
468,2017-01-19,10.545,10.629,10.706,10.545,121806.0,600000
469,2017-01-20,10.66,10.675,10.722,10.599,142882.0,600000
470,2017-01-23,10.722,10.652,10.745,10.606,146165.0,600000
471,2017-01-24,10.66,10.745,10.752,10.66,149852.0,600000
472,2017-01-25,10.745,10.745,10.783,10.683,112848.0,600000
473,2017-01-26,10.745,10.783,10.86,10.683,86029.0,600000
474,2017-02-03,10.845,10.699,10.868,10.691,81742.0,600000
475,2017-02-06,10.791,10.722,10.814,10.722,134558.0,600000
476,2017-02-07,10.714,10.729,10.783,10.699,147592.0,600000
477,2017-02-08,10.699,10.729,10.745,10.629,112388.0,600000
478,2017-02-09,10.737,10.768,10.806,10.668,113930.0,600000
479,2017-02-10,10.799,10.814,10.86,10.752,139852.0,600000
480,2017-02-13,10.891,10.868,10.906,10.814,199928.0,600000
481,2017-02-14,10.883,10.791,10.891,10.783,129872.0,600000
482,2017-02-15,10.845,10.86,10.929,10.791,256880.0,600000
483,2017-02-16,10.891,10.814,10.914,10.799,163278.0,600000
484,2017-02-17,10.814,10.706,10.845,10.668,138636.0,600000
485,2017-02-20,10.691,10.914,10.968,10.691,299499.0,600000
486,2017-02-21,10.891,10.891,11.045,10.837,175091.0,600000
487,2017-02-22,10.891,10.791,10.906,10.775,170322.0,600000
488,2017-02-23,10.814,10.745,10.852,10.706,150111.0,600000
489,2017-02-24,10.729,10.76,10.791,10.722,115949.0,600000
490,2017-02-27,10.745,10.668,10.768,10.622,137322.0,600000
491,2017-02-28,10.66,10.668,10.729,10.622,120979.0,600000
492,2017-03-01,10.66,10.645,10.691,10.614,162269.0,600000
493,2017-03-02,10.691,10.529,10.691,10.514,189966.0,600000
494,2017-03-03,10.537,10.483,10.545,10.46,124294.0,600000
495,2017-03-06,10.499,10.529,10.622,10.483,157037.0,600000
496,2017-03-07,10.506,10.545,10.56,10.499,93198.0,600000
497,2017-03-08,10.522,10.514,10.552,10.483,101096.0,600000
498,2017-03-09,10.499,10.383,10.522,10.383,173660.0,600000
499,2017-03-10,10.391,10.391,10.429,10.345,163963.0,600000
500,2017-03-13,10.391,10.475,10.475,10.337,179501.0,600000
501,2017-03-14,10.475,10.414,10.483,10.399,169889.0,600000
502,2017-03-15,10.399,10.399,10.429,10.345,189003.0,600000
503,2017-03-16,10.422,10.437,10.483,10.406,190365.0,600000
504,2017-03-17,10.445,10.368,10.46,10.322,215603.0,600000
505,2017-03-20,10.399,10.322,10.406,10.314,150178.0,600000
506,2017-03-21,10.329,10.214,10.337,10.199,311246.0,600000
507,2017-03-22,10.199,10.045,10.199,9.983,438114.0,600000
508,2017-03-23,10.06,10.122,10.152,10.052,222256.0,600000
509,2017-03-24,10.099,10.183,10.214,10.083,199020.0,600000
510,2017-03-27,10.191,10.245,10.314,10.137,189973.0,600000
511,2017-03-28,10.299,10.222,10.314,10.191,132129.0,600000
512,2017-03-29,10.222,10.114,10.299,10.06,234467.0,600000
513,2017-03-30,10.122,10.068,10.137,9.999,236451.0,600000
514,2017-03-31,10.045,10.222,10.252,10.037,241871.0,600000
515,2017-04-05,10.252,10.337,10.368,10.129,310362.0,600000
516,2017-04-06,10.283,10.291,10.352,10.237,223354.0,600000
517,2017-04-07,10.26,10.291,10.337,10.229,201269.0,600000
518,2017-04-10,10.306,10.191,10.306,10.168,161540.0,600000
519,2017-04-11,10.191,10.129,10.206,10.068,186113.0,600000
520,2017-04-12,10.122,10.129,10.183,10.022,222105.0,600000
521,2017-04-13,10.122,10.022,10.129,10.006,234266.0,600000
522,2017-04-14,10.029,9.837,10.045,9.768,401565.0,600000
523,2017-04-17,9.852,9.875,9.906,9.675,367394.0,600000
524,2017-04-18,9.829,9.675,9.845,9.675,228899.0,600000
525,2017-04-19,9.637,9.529,9.652,9.529,244554.0,600000
526,2017-04-20,9.537,9.375,9.552,9.368,410614.0,600000
527,2017-04-21,9.383,9.483,9.499,9.329,226883.0,600000
528,2017-04-24,9.483,9.445,9.529,9.375,176278.0,600000
529,2017-04-25,9.46,9.483,9.522,9.437,129759.0,600000
530,2017-04-26,9.491,9.483,9.529,9.445,149398.0,600000
531,2017-04-27,9.483,9.606,9.637,9.468,228876.0,600000
532,2017-04-28,9.56,9.606,9.614,9.506,157185.0,600000
533,2017-05-02,9.606,9.568,9.614,9.545,126075.0,600000
534,2017-05-03,9.568,9.506,9.568,9.483,142479.0,600000
535,2017-05-04,9.499,9.429,9.499,9.368,194777.0,600000
536,2017-05-05,9.406,9.383,9.429,9.075,401945.0,600000
537,2017-05-08,9.275,9.337,9.368,9.068,435685.0,600000
538,2017-05-09,9.206,9.26,9.322,9.183,192254.0,600000
539,2017-05-10,9.26,9.145,9.329,9.099,283594.0,600000
540,2017-05-11,9.114,9.252,9.283,9.099,273129.0,600000
541,2017-05-12,9.252,9.606,9.622,9.237,457334.0,600000
542,2017-05-15,9.652,9.652,9.775,9.568,299658.0,600000
543,2017-05-16,9.622,9.652,9.668,9.506,248753.0,600000
544,2017-05-17,9.629,9.606,9.645,9.499,334344.0,600000
545,2017-05-18,9.522,9.452,9.552,9.406,306579.0,600000
546,2017-05-19,9.475,9.46,9.506,9.375,286106.0,600000
547,2017-05-22,9.46,9.475,9.491,9.391,302272.0,600000
548,2017-05-23,9.445,9.775,9.883,9.429,754004.0,600000
549,2017-05-24,9.737,9.806,9.845,9.606,704390.0,600000
550,2017-05-25,9.81,10.99,10.99,9.78,2223734.0,600000
551,2017-05-26,10.87,10.9,10.97,10.6,1764566.0,600000
552,2017-05-31,10.81,10.9,11.11,10.72,1130098.0,600000
553,2017-06-01,10.84,10.98,11.03,10.75,962170.0,600000
554,2017-06-02,10.99,10.95,11.07,10.8,801977.0,600000
555,2017-06-05,10.85,10.91,10.94,10.57,758764.0,600000
556,2017-06-06,10.86,10.86,10.9,10.72,361044.0,600000
557,2017-06-07,10.87,10.9,11.05,10.84,643951.0,600000
558,2017-06-08,10.82,10.9,10.92,10.73,481948.0,600000
559,2017-06-09,10.85,10.99,11.26,10.83,1144343.0,600000
560,2017-06-12,10.96,10.84,11.2,10.82,739311.0,600000
561,2017-06-13,10.84,10.65,10.84,10.62,527160.0,600000
562,2017-06-14,10.66,10.52,10.7,10.37,553069.0,600000
563,2017-06-15,10.47,10.44,10.52,10.34,374928.0,600000
564,2017-06-16,10.44,10.41,10.52,10.33,473510.0,600000
565,2017-06-19,10.42,10.46,10.49,10.36,329412.0,600000
566,2017-06-20,10.47,10.35,10.5,10.28,446451.0,600000
567,2017-06-21,10.46,10.4,10.46,10.32,340000.0,600000
568,2017-06-22,10.39,10.63,10.9,10.35,1102594.0,600000
569,2017-06-23,10.61,10.7,10.71,10.42,685790.0,600000
570,2017-06-26,10.7,10.7,10.88,10.61,605091.0,600000
571,2017-06-27,10.7,10.76,10.79,10.59,466874.0,600000
572,2017-06-28,10.72,10.85,10.97,10.66,753495.0,600000
573,2017-06-29,10.87,10.82,10.92,10.76,389945.0,600000
574,2017-06-30,10.76,10.71,10.79,10.65,365664.0,600000
575,2017-07-03,10.7,10.62,10.71,10.53,387789.0,600000
576,2017-07-04,10.61,10.61,10.64,10.47,366591.0,600000
577,2017-07-05,10.56,10.68,10.71,10.53,264705.0,600000
578,2017-07-06,10.68,10.72,10.78,10.57,374142.0,600000
579,2017-07-07,10.68,10.66,10.75,10.61,246672.0,600000
580,2017-07-10,10.65,10.59,10.7,10.58,264115.0,600000
581,2017-07-11,10.57,10.86,11.0,10.57,968353.0,600000
582,2017-07-12,10.86,10.92,11.12,10.8,804690.0,600000
583,2017-07-13,10.88,11.33,11.35,10.83,1102192.0,600000
584,2017-07-14,11.4,11.65,11.86,11.4,1468653.0,600000
585,2017-07-17,11.68,11.82,12.08,11.34,1786612.0,600000
586,2017-07-18,11.71,11.61,11.78,11.46,698958.0,600000
587,2017-07-19,11.62,11.75,11.84,11.54,661087.0,600000
588,2017-07-20,11.73,11.68,11.76,11.59,400174.0,600000
589,2017-07-21,11.67,11.51,11.69,11.44,522723.0,600000
590,2017-07-24,11.51,11.73,11.8,11.42,658209.0,600000
591,2017-07-25,11.68,11.57,11.81,11.47,584780.0,600000
592,2017-07-26,11.51,11.44,11.76,11.42,574953.0,600000
593,2017-07-27,11.44,11.44,11.53,11.34,336120.0,600000
594,2017-07-28,11.43,11.53,11.55,11.36,249549.0,600000
595,2017-07-31,11.51,11.42,11.58,11.37,450830.0,600000
596,2017-08-01,11.48,11.49,11.55,11.38,641980.0,600000
597,2017-08-02,11.5,11.5,11.66,11.45,616441.0,600000
598,2017-08-03,11.48,11.14,11.48,11.1,785818.0,600000
599,2017-08-04,11.15,10.93,11.16,10.91,631819.0,600000
600,2017-08-07,10.93,10.99,11.01,10.89,295284.0,600000
601,2017-08-08,10.97,10.93,10.99,10.89,235702.0,600000
602,2017-08-09,10.9,10.82,10.94,10.81,323038.0,600000
603,2017-08-10,10.8,10.85,10.94,10.76,440560.0,600000
604,2017-08-11,10.78,10.74,10.79,10.52,888900.0,600000
605,2017-08-14,10.68,10.62,10.69,10.58,455620.0,600000
606,2017-08-15,10.64,10.65,10.82,10.62,625919.0,600000
607,2017-08-16,10.62,10.55,10.62,10.53,338865.0,600000
608,2017-08-17,10.55,10.59,10.61,10.53,390911.0,600000
609,2017-08-18,10.56,10.57,10.63,10.52,359766.0,600000
610,2017-08-21,10.56,10.57,10.63,10.52,338102.0,600000
611,2017-08-22,10.57,10.49,10.59,10.47,588299.0,600000
612,2017-08-23,10.5,10.63,10.72,10.47,968715.0,600000
613,2017-08-24,10.64,10.53,10.72,10.51,621531.0,600000
614,2017-08-25,10.53,10.84,10.86,10.53,1455906.0,600000
615,2017-08-28,10.89,10.95,11.02,10.81,1041131.0,600000
616,2017-08-29,10.91,11.02,11.04,10.83,600639.0,600000
617,2017-08-30,10.97,10.93,11.04,10.88,604799.0,600000
618,2017-08-31,10.89,10.77,10.9,10.71,447903.0,600000
619,2017-09-01,10.74,10.83,10.93,10.74,392641.0,600000
620,2017-09-04,10.84,10.84,10.9,10.71,356674.0,600000
621,2017-09-05,10.84,11.09,11.15,10.84,734930.0,600000
622,2017-09-06,11.05,11.02,11.11,10.96,338235.0,600000
623,2017-09-07,11.0,10.91,11.08,10.88,382247.0,600000
624,2017-09-08,10.91,11.09,11.18,10.89,647780.0,600000
625,2017-09-11,11.21,11.05,11.21,11.01,522347.0,600000
626,2017-09-12,11.06,11.1,11.1,10.97,510123.0,600000
627,2017-09-13,11.07,10.93,11.07,10.92,319728.0,600000
628,2017-09-14,10.94,10.91,11.04,10.87,241608.0,600000
629,2017-09-15,10.88,10.89,10.92,10.81,248743.0,600000
630,2017-09-18,10.88,10.97,11.02,10.86,357475.0,600000
631,2017-09-19,10.99,10.96,11.01,10.88,301701.0,600000
632,2017-09-20,10.94,10.94,10.99,10.89,198671.0,600000
633,2017-09-21,10.92,10.93,11.01,10.89,201402.0,600000
634,2017-09-22,10.9,10.95,10.98,10.85,241926.0,600000
635,2017-09-25,10.95,11.0,11.01,10.77,506876.0,600000
636,2017-09-26,10.95,10.92,10.99,10.91,221633.0,600000
637,2017-09-27,10.89,10.91,10.97,10.82,263747.0,600000
638,2017-09-28,10.91,10.9,10.94,10.83,241249.0,600000
639,2017-09-29,10.88,10.93,10.97,10.87,198222.0,600000
640,2017-10-09,11.33,11.1,11.35,11.06,521490.0,600000
641,2017-10-10,11.11,11.16,11.16,11.04,274939.0,600000
642,2017-10-11,11.14,11.12,11.17,11.09,187063.0,600000
643,2017-10-12,11.11,11.11,11.15,11.03,171252.0,600000
644,2017-10-13,11.07,11.0,11.14,10.98,208575.0,600000
645,2017-10-16,11.04,11.1,11.12,11.0,236111.0,600000
646,2017-10-17,11.1,11.05,11.12,11.0,146923.0,600000
647,2017-10-18,11.05,11.13,11.16,10.99,454587.0,600000
648,2017-10-19,11.09,11.19,11.22,11.04,528811.0,600000
649,2017-10-20,11.15,11.07,11.16,11.07,172284.0,600000
650,2017-10-23,11.08,10.9,11.09,10.89,315638.0,600000
651,2017-10-24,10.9,10.92,11.01,10.88,272360.0,600000
652,2017-10-25,10.92,10.96,11.0,10.88,207438.0,600000
653,2017-10-26,10.93,10.88,10.94,10.84,252751.0,600000
654,2017-10-27,10.91,10.91,11.0,10.88,326738.0,600000
655,2017-10-30,10.9,10.76,10.9,10.65,747136.0,600000
656,2017-10-31,10.66,10.67,10.72,10.64,201207.0,600000
657,2017-11-01,10.69,10.6,10.78,10.59,353687.0,600000
658,2017-11-02,10.58,10.59,10.63,10.49,482670.0,600000
659,2017-11-03,10.59,10.64,10.66,10.49,328481.0,600000
660,2017-11-06,10.62,10.53,10.62,10.51,200168.0,600000
661,2017-11-07,10.55,10.6,10.66,10.47,386773.0,600000
662,2017-11-08,10.6,10.64,10.74,10.55,371341.0,600000
663,2017-11-09,10.63,10.61,10.69,10.59,174633.0,600000
664,2017-11-10,10.6,10.69,10.69,10.52,499253.0,600000
665,2017-11-13,10.71,10.86,10.91,10.69,780093.0,600000
666,2017-11-14,10.82,10.66,10.83,10.64,337549.0,600000
667,2017-11-15,10.66,10.66,10.69,10.61,280765.0,600000
668,2017-11-16,10.63,10.45,10.63,10.44,356807.0,600000
669,2017-11-17,10.44,10.84,10.86,10.44,1093365.0,600000
670,2017-11-20,10.76,10.91,10.92,10.67,614954.0,600000
671,2017-11-21,10.87,11.0,11.23,10.81,1161794.0,600000
672,2017-11-22,11.06,11.29,11.5,11.06,1145762.0,600000
673,2017-11-23,11.3,11.12,11.38,10.97,819126.0,600000
674,2017-11-24,11.17,11.15,11.24,10.99,596124.0,600000
675,2017-11-27,11.15,11.16,11.18,10.87,792502.0,600000
676,2017-11-28,11.09,11.0,11.13,10.98,340319.0,600000
677,2017-11-29,11.01,11.0,11.1,10.87,418467.0,600000
678,2017-11-30,10.97,10.97,11.01,10.86,399163.0,600000
679,2017-12-01,10.99,10.97,11.01,10.87,385774.0,600000
680,2017-12-04,10.93,10.98,11.0,10.9,364792.0,600000
681,2017-12-05,10.98,11.23,11.33,10.97,1237967.0,600000
682,2017-12-06,11.18,11.02,11.22,10.97,435649.0,600000
683,2017-12-07,11.01,11.02,11.09,10.97,348022.0,600000
684,2017-12-08,11.04,10.99,11.05,10.93,312962.0,600000
685,2017-12-11,10.98,11.03,11.1,10.91,366499.0,600000
686,2017-12-12,11.03,10.81,11.03,10.8,303700.0,600000
687,2017-12-13,10.86,10.8,10.87,10.69,193453.0,600000
688,2017-12-14,10.85,10.75,10.85,10.72,161416.0,600000
689,2017-12-15,10.75,10.68,10.79,10.67,162101.0,600000
690,2017-12-18,10.77,10.71,10.77,10.67,134456.0,600000
691,2017-12-19,10.71,10.81,10.82,10.68,183996.0,600000
692,2017-12-20,10.82,10.79,10.82,10.66,266398.0,600000
693,2017-12-21,10.73,10.76,10.84,10.66,210523.0,600000
694,2017-12-22,10.74,10.68,10.78,10.67,160769.0,600000
695,2017-12-25,10.67,10.65,10.74,10.62,193066.0,600000
696,2017-12-26,10.63,10.7,10.72,10.62,152257.0,600000
697,2017-12-27,10.71,10.68,10.72,10.59,327318.0,600000
698,2017-12-28,10.66,10.6,10.72,10.59,238708.0,600000
699,2017-12-29,10.58,10.65,10.68,10.57,163518.0,600000
700,2018-01-02,10.67,10.78,10.83,10.66,313230.0,600000
701,2018-01-03,10.79,10.72,10.86,10.72,378391.0,600000
702,2018-01-04,10.76,10.72,10.79,10.68,278838.0,600000
703,2018-01-05,10.73,10.75,10.77,10.68,310267.0,600000
704,2018-01-08,10.75,10.74,10.77,10.69,313898.0,600000
705,2018-01-09,10.74,10.76,10.8,10.72,262154.0,600000
706,2018-01-10,10.76,11.08,11.15,10.74,906799.0,600000
707,2018-01-11,11.01,11.0,11.1,10.93,378164.0,600000
708,2018-01-12,11.03,10.97,11.06,10.96,242034.0,600000
709,2018-01-15,10.94,11.08,11.14,10.91,613206.0,600000
710,2018-01-16,11.03,10.96,11.12,10.84,748926.0,600000
711,2018-01-17,10.97,11.16,11.48,10.95,1271328.0,600000
712,2018-01-18,11.2,11.3,11.31,11.11,1116080.0,600000
713,2018-01-19,11.39,11.3,11.67,11.24,1716488.0,600000
714,2018-01-22,10.99,10.83,11.21,10.77,2725138.0,600000
715,2018-01-23,10.81,10.96,10.98,10.74,2178274.0,600000
716,2018-01-24,11.03,11.63,12.06,10.95,3796536.0,600000
717,2018-01-25,11.6,11.71,11.82,11.42,1769896.0,600000
718,2018-01-26,11.71,11.47,11.78,11.42,2184196.0,600000
719,2018-01-29,11.54,11.52,11.59,11.38,1537831.0,600000
720,2018-01-30,11.51,11.17,11.55,11.15,1078040.0,600000
721,2018-01-31,11.11,11.23,11.25,11.04,1177032.0,600000
722,2018-02-01,11.2,11.36,11.39,11.0,1735733.0,600000
723,2018-02-02,11.25,11.2,11.25,11.07,717967.0,600000
724,2018-02-05,11.06,11.55,11.6,11.04,1501496.0,600000
725,2018-02-06,11.35,11.54,11.56,11.26,2443589.0,600000
726,2018-02-07,11.64,11.51,11.96,11.3,2007701.0,600000
727,2018-02-08,11.4,11.16,11.46,11.01,1094268.0,600000
728,2018-02-09,10.95,10.84,11.04,10.3,1492573.0,600000
729,2018-02-12,10.72,10.55,10.74,10.49,647991.0,600000
730,2018-02-13,10.61,10.57,10.74,10.56,549002.0,600000
731,2018-02-14,10.56,10.52,10.61,10.44,325978.0,600000
732,2018-02-22,10.66,10.69,10.74,10.59,420122.0,600000
733,2018-02-23,10.72,10.78,10.84,10.65,387365.0,600000
734,2018-02-26,10.83,10.79,10.9,10.67,488060.0,600000
735,2018-02-27,10.81,10.75,10.82,10.67,485610.0,600000
736,2018-02-28,10.67,10.52,10.72,10.5,398889.0,600000
737,2018-03-01,10.46,10.53,10.56,10.44,344910.0,600000
738,2018-03-02,10.46,10.47,10.52,10.42,230241.0,600000
739,2018-03-05,10.47,10.48,10.54,10.4,293434.0,600000
740,2018-03-06,10.54,10.55,10.57,10.44,272226.0,600000
741,2018-03-07,10.57,10.55,10.66,10.52,388175.0,600000
742,2018-03-08,10.61,10.53,10.61,10.46,221641.0,600000
743,2018-03-09,10.55,10.54,10.57,10.48,235582.0,600000
744,2018-03-12,10.59,10.56,10.6,10.52,251618.0,600000
745,2018-03-13,10.56,10.55,10.64,10.49,251450.0,600000
746,2018-03-14,10.51,10.45,10.51,10.44,228046.0,600000
747,2018-03-15,10.41,10.45,10.47,10.4,172877.0,600000
748,2018-03-16,10.42,10.36,10.46,10.36,267813.0,600000
749,2018-03-19,10.37,10.37,10.39,10.32,168960.0,600000
750,2018-03-20,10.34,10.38,10.45,10.31,206722.0,600000
751,2018-03-21,10.4,10.35,10.46,10.34,238784.0,600000
752,2018-03-22,10.41,10.31,10.41,10.31,229484.0,600000
753,2018-03-23,10.06,9.77,10.12,9.7,571063.0,600000
754,2018-03-26,9.77,9.67,9.81,9.56,364250.0,600000
755,2018-03-27,9.76,9.68,9.83,9.62,273328.0,600000
756,2018-03-28,9.59,9.63,9.81,9.58,229112.0,600000
757,2018-03-29,9.63,9.68,9.77,9.51,331088.0,600000
758,2018-03-30,9.69,9.71,9.75,9.67,232719.0,600000
759,2018-04-02,9.74,9.77,9.88,9.71,277195.0,600000
760,2018-04-03,9.72,9.62,9.73,9.6,183035.0,600000
761,2018-04-04,9.67,9.59,9.71,9.59,196375.0,600000
762,2018-04-09,9.59,9.56,9.65,9.55,167224.0,600000
763,2018-04-10,9.58,9.83,9.85,9.57,287482.0,600000
764,2018-04-11,9.85,9.97,10.08,9.81,312985.0,600000
765,2018-04-12,9.97,9.84,10.02,9.82,188242.0,600000
766,2018-04-13,9.89,9.75,9.95,9.75,140948.0,600000
767,2018-04-16,9.86,9.61,9.86,9.6,237200.0,600000
768,2018-04-17,9.62,9.61,9.76,9.61,254699.0,600000
769,2018-04-18,9.81,9.79,9.85,9.72,262952.0,600000
770,2018-04-19,9.86,9.86,9.95,9.82,165532.0,600000
771,2018-04-20,9.8,9.67,9.85,9.63,183774.0,600000
772,2018-04-23,9.62,9.66,9.81,9.59,181816.0,600000
773,2018-04-24,9.62,9.84,9.84,9.62,230328.0,600000
774,2018-04-25,9.77,9.72,9.83,9.71,160826.0,600000
775,2018-04-26,9.79,9.63,9.84,9.61,182057.0,600000
776,2018-04-27,9.64,9.67,9.73,9.61,234507.0,600000
777,2018-05-02,9.39,9.09,9.39,9.03,693256.0,600000
778,2018-05-03,9.05,8.98,9.07,8.89,346655.0,600000
779,2018-05-04,8.97,8.89,9.0,8.86,222530.0,600000
780,2018-05-07,8.88,8.9,8.95,8.82,274253.0,600000
781,2018-05-08,8.9,9.01,9.03,8.87,287964.0,600000
782,2018-05-09,9.01,8.99,9.06,8.95,185106.0,600000
783,2018-05-10,9.04,9.01,9.06,8.97,160305.0,600000
784,2018-05-11,9.06,9.01,9.07,9.0,220151.0,600000
785,2018-05-14,9.03,9.06,9.11,9.02,237633.0,600000
786,2018-05-15,9.09,9.05,9.11,8.94,235484.0,600000
787,2018-05-16,8.99,8.93,9.02,8.92,235803.0,600000
788,2018-05-17,8.92,8.89,8.97,8.87,184746.0,600000
789,2018-05-18,8.91,8.96,8.96,8.87,217171.0,600000
790,2018-05-21,9.04,9.0,9.04,8.96,233937.0,600000
791,2018-05-22,9.0,8.94,9.01,8.91,160145.0,600000
792,2018-05-23,8.94,8.86,8.95,8.85,211944.0,600000
793,2018-05-24,8.89,8.85,8.9,8.82,152295.0,600000
794,2018-05-25,8.89,8.77,8.89,8.74,190162.0,600000
795,2018-05-28,8.77,8.82,8.85,8.67,183703.0,600000
796,2018-05-29,8.76,8.7,8.8,8.67,169339.0,600000
797,2018-05-30,8.62,8.5,8.66,8.45,322307.0,600000
798,2018-05-31,8.52,8.61,8.75,8.52,455326.0,600000
799,2018-06-01,8.66,8.74,8.75,8.59,183655.0,600000
800,2018-06-04,8.82,8.81,8.89,8.76,161803.0,600000
801,2018-06-05,8.77,8.72,8.81,8.67,186926.0,600000
802,2018-06-06,8.7,8.61,8.7,8.59,149836.0,600000
803,2018-06-07,8.62,8.68,8.72,8.57,233556.0,600000
804,2018-06-08,8.61,8.48,8.63,8.43,271819.0,600000
805,2018-06-11,8.44,8.48,8.49,8.34,180042.0,600000
806,2018-06-12,8.47,8.41,8.47,8.36,160856.0,600000
807,2018-06-13,8.36,8.27,8.39,8.24,199615.0,600000
808,2018-06-14,8.22,8.28,8.32,8.22,175575.0,600000
809,2018-06-15,8.28,8.36,8.4,8.25,199149.0,600000
810,2018-06-19,8.29,7.98,8.3,7.87,429884.0,600000
811,2018-06-20,7.98,7.95,8.04,7.93,189157.0,600000
812,2018-06-21,7.94,7.89,8.04,7.81,236369.0,600000
813,2018-06-22,7.89,7.82,7.89,7.73,250400.0,600000
814,2018-06-25,7.83,7.62,7.88,7.61,242443.0,600000
815,2018-06-26,7.66,7.54,7.66,7.41,244240.0,600000
816,2018-06-27,7.47,7.43,7.59,7.42,249137.0,600000
817,2018-06-28,7.39,7.56,7.67,7.38,307413.0,600000
818,2018-06-29,7.62,7.62,7.66,7.51,194935.0,600000
819,2018-07-02,7.61,7.35,7.61,7.29,226690.0,600000
820,2018-07-03,7.35,7.41,7.44,7.26,241235.0,600000
821,2018-07-04,7.4,7.37,7.48,7.34,144647.0,600000
822,2018-07-05,7.32,7.32,7.41,7.28,164954.0,600000
823,2018-07-06,7.37,7.43,7.49,7.23,225944.0,600000
824,2018-07-09,7.43,7.66,7.69,7.43,221725.0,600000
825,2018-07-10,7.67,7.63,7.71,7.56,124028.0,600000
826,2018-07-11,7.43,7.44,7.5,7.38,152039.0,600000
827,2018-07-12,7.47,7.63,7.67,7.45,197048.0,600000
828,2018-07-13,7.73,7.65,7.74,7.62,150263.0,600000
829,2018-07-16,7.66,7.57,7.7,7.5,144141.0,600000
830,2018-07-17,7.57,7.6,7.64,7.54,137134.0,600000
831,2018-07-18,7.67,7.67,7.8,7.64,189227.0,600000
832,2018-07-19,7.76,7.72,7.78,7.69,183604.0,600000
833,2018-07-20,7.72,8.03,8.11,7.63,332756.0,600000
834,2018-07-23,8.07,8.12,8.19,7.9,314844.0,600000
835,2018-07-24,8.14,8.18,8.3,8.13,364245.0,600000
836,2018-07-25,8.28,8.18,8.28,8.12,158899.0,600000
837,2018-07-26,8.23,8.12,8.24,8.11,152063.0,600000
838,2018-07-27,8.12,8.15,8.2,8.09,121200.0,600000
839,2018-07-30,8.15,8.29,8.32,8.13,200963.0,600000
840,2018-07-31,8.28,8.33,8.36,8.16,182030.0,600000
841,2018-08-01,8.42,8.07,8.43,8.06,207418.0,600000
842,2018-08-02,8.07,7.95,8.19,7.82,244838.0,600000
843,2018-08-03,7.95,7.99,8.14,7.92,169979.0,600000
844,2018-08-06,8.13,8.07,8.19,8.03,174444.0,600000
845,2018-08-07,8.1,8.27,8.28,8.1,217846.0,600000
846,2018-08-08,8.31,8.21,8.31,8.17,134619.0,600000
847,2018-08-09,8.16,8.3,8.34,8.15,176898.0,600000
848,2018-08-10,8.3,8.23,8.3,8.18,131726.0,600000
849,2018-08-13,8.16,8.14,8.22,8.06,179276.0,600000
850,2018-08-14,8.14,8.22,8.23,8.11,158685.0,600000
851,2018-08-15,8.22,8.06,8.22,8.06,147870.0,600000
852,2018-08-16,8.03,8.22,8.28,8.0,243236.0,600000
853,2018-08-17,8.32,8.14,8.32,8.09,150904.0,600000
854,2018-08-20,8.33,8.31,8.33,8.17,269753.0,600000
855,2018-08-21,8.34,8.28,8.36,8.25,197865.0,600000
856,2018-08-22,8.28,8.25,8.3,8.16,119935.0,600000
857,2018-08-23,8.29,8.23,8.3,8.14,155378.0,600000
858,2018-08-24,8.22,8.46,8.59,8.18,322688.0,600000
859,2018-08-27,8.49,8.49,8.51,8.37,232666.0,600000
860,2018-08-28,8.46,8.46,8.54,8.41,146096.0,600000
861,2018-08-29,8.45,8.48,8.48,8.42,103620.0,600000
862,2018-08-30,8.46,8.33,8.57,8.33,186218.0,600000
863,2018-08-31,8.32,8.49,8.52,8.32,373117.0,600000
864,2018-09-03,8.43,8.4,8.46,8.33,143095.0,600000
865,2018-09-04,8.37,8.53,8.56,8.34,163530.0,600000
866,2018-09-05,8.47,8.28,8.53,8.28,227292.0,600000
867,2018-09-06,8.28,8.3,8.39,8.28,105469.0,600000
868,2018-09-07,8.31,8.35,8.41,8.28,89957.0,600000
869,2018-09-10,8.32,8.34,8.39,8.29,118228.0,600000
870,2018-09-11,8.38,8.18,8.43,8.14,196890.0,600000
871,2018-09-12,8.15,8.2,8.23,8.11,165061.0,600000
872,2018-09-13,8.33,8.45,8.46,8.27,294171.0,600000
873,2018-09-14,8.52,8.42,8.52,8.37,164507.0,600000
874,2018-09-17,8.42,8.31,8.44,8.26,105353.0,600000
875,2018-09-18,8.32,8.42,8.42,8.25,166847.0,600000
876,2018-09-19,8.44,8.4,8.45,8.36,185506.0,600000
877,2018-09-20,8.42,8.38,8.44,8.34,163070.0,600000
878,2018-09-21,8.4,8.65,8.65,8.31,375714.0,600000
879,2018-09-25,8.54,8.51,8.63,8.48,158791.0,600000
880,2018-09-26,8.55,8.57,8.72,8.5,311757.0,600000
881,2018-09-27,8.61,8.64,8.64,8.54,241827.0,600000
882,2018-09-28,8.65,8.78,8.91,8.6,374306.0,600000
883,2018-10-08,8.55,8.32,8.64,8.31,419572.0,600000
884,2018-10-09,8.24,8.31,8.4,8.23,231590.0,600000
885,2018-10-10,8.3,8.33,8.44,8.29,181247.0,600000
886,2018-10-11,8.16,7.96,8.21,7.87,390567.0,600000
887,2018-10-12,8.06,8.19,8.26,7.99,251451.0,600000
888,2018-10-15,8.21,8.19,8.32,8.13,139578.0,600000
889,2018-10-16,8.19,8.21,8.35,8.13,153083.0,600000
890,2018-10-17,8.34,8.45,8.47,8.3,265208.0,600000
891,2018-10-18,8.51,8.35,8.51,8.32,224039.0,600000
892,2018-10-19,8.41,8.54,8.59,8.23,403313.0,600000
893,2018-10-22,8.48,8.78,8.86,8.48,470034.0,600000
894,2018-10-23,8.8,8.61,8.86,8.61,380890.0,600000
895,2018-10-24,8.73,8.9,9.21,8.68,591655.0,600000
896,2018-10-25,8.76,9.0,9.05,8.7,368665.0,600000
897,2018-10-26,9.01,9.08,9.14,8.9,275193.0,600000
898,2018-10-29,9.24,8.95,9.28,8.87,352659.0,600000
899,2018-10-30,9.09,9.11,9.21,9.05,330860.0,600000
900,2018-10-31,9.15,9.14,9.19,9.03,217371.0,600000
901,2018-11-01,9.21,9.05,9.25,9.02,235053.0,600000
902,2018-11-02,9.26,9.34,9.41,9.1,477889.0,600000
903,2018-11-05,9.31,9.3,9.41,9.24,170127.0,600000
904,2018-11-06,9.29,9.19,9.31,9.16,184224.0,600000
905,2018-11-07,9.25,9.06,9.26,9.03,208438.0,600000
906,2018-11-08,9.21,9.22,9.26,9.06,199916.0,600000
907,2018-11-09,9.15,8.91,9.19,8.86,255700.0,600000
908,2018-11-12,8.93,8.96,9.11,8.91,270158.0,600000
909,2018-11-13,8.84,8.98,9.06,8.84,207087.0,600000
910,2018-11-14,9.03,8.86,9.03,8.84,179981.0,600000
911,2018-11-15,8.88,8.93,8.97,8.81,165800.0,600000
912,2018-11-16,8.93,8.92,9.01,8.87,213944.0,600000
913,2018-11-19,9.02,9.04,9.06,8.93,213847.0,600000
914,2018-11-20,9.03,8.85,9.05,8.81,218837.0,600000
915,2018-11-21,8.77,8.82,8.88,8.77,160274.0,600000
916,2018-11-22,8.89,8.8,8.89,8.73,140083.0,600000
917,2018-11-23,8.76,8.66,8.82,8.66,147150.0,600000
918,2018-11-26,8.82,8.66,8.82,8.59,143773.0,600000
919,2018-11-27,8.66,8.65,8.77,8.61,150846.0,600000
920,2018-11-28,8.72,8.74,8.78,8.66,183396.0,600000
921,2018-11-29,8.8,8.79,8.91,8.7,206856.0,600000
922,2018-11-30,8.81,8.87,8.91,8.78,285726.0,600000
923,2018-12-03,9.15,9.18,9.21,9.0,430490.0,600000
924,2018-12-04,9.16,9.24,9.24,9.13,208112.0,600000
925,2018-12-05,9.15,9.16,9.26,9.12,254912.0,600000
926,2018-12-06,8.98,9.06,9.09,8.98,235979.0,600000
927,2018-12-07,9.1,9.05,9.19,9.04,105805.0,600000
928,2018-12-10,8.93,8.99,9.06,8.93,159275.0,600000
929,2018-12-11,9.0,8.88,9.06,8.85,172342.0,600000
930,2018-12-12,9.05,8.89,9.05,8.86,124487.0,600000
931,2018-12-13,8.92,8.96,9.02,8.89,197923.0,600000
932,2018-12-14,8.9,8.78,8.96,8.75,241638.0,600000
933,2018-12-17,8.81,8.94,8.94,8.78,197462.0,600000
934,2018-12-18,8.84,8.73,8.98,8.7,194516.0,600000
935,2018-12-19,8.75,8.7,8.81,8.7,136036.0,600000
936,2018-12-20,8.69,8.41,8.75,8.27,300699.0,600000
937,2018-12-21,8.39,8.23,8.4,8.16,208858.0,600000
938,2018-12-24,8.14,8.07,8.2,8.02,227798.0,600000
939,2018-12-25,7.93,7.95,8.02,7.76,348103.0,600000
940,2018-12-26,7.97,7.83,8.04,7.8,205692.0,600000
941,2018-12-27,7.93,7.82,7.96,7.82,273475.0,600000
942,2018-12-28,7.88,7.96,8.11,7.87,274040.0,600000
943,2019-01-02,7.9,7.86,7.95,7.74,237628.0,600000
944,2019-01-03,7.86,7.97,7.98,7.82,186542.0,600000
945,2019-01-04,7.89,8.12,8.16,7.86,271728.0,600000
946,2019-01-07,8.25,8.14,8.25,8.08,235973.0,600000
947,2019-01-08,8.19,8.12,8.19,8.07,151049.0,600000
948,2019-01-09,8.22,8.15,8.32,8.14,231637.0,600000
949,2019-01-10,8.1,8.12,8.18,8.08,159235.0,600000
950,2019-01-11,8.19,8.21,8.31,8.12,190690.0,600000
951,2019-01-14,8.19,8.22,8.26,8.17,203528.0,600000
952,2019-01-15,8.26,8.27,8.31,8.21,156321.0,600000
953,2019-01-16,8.26,8.29,8.31,8.23,129883.0,600000
954,2019-01-17,8.33,8.33,8.44,8.23,227660.0,600000
955,2019-01-18,8.45,8.59,8.6,8.38,290871.0,600000
956,2019-01-21,8.52,8.51,8.62,8.46,189477.0,600000
957,2019-01-22,8.54,8.41,8.54,8.39,162505.0,600000
958,2019-01-23,8.45,8.43,8.5,8.41,165203.0,600000
959,2019-01-24,8.5,8.54,8.55,8.43,150066.0,600000
960,2019-01-25,8.61,8.66,8.72,8.54,196965.0,600000
961,2019-01-28,8.69,8.58,8.82,8.55,217690.0,600000
962,2019-01-29,8.55,8.74,8.79,8.54,237680.0,600000
963,2019-01-30,8.75,8.66,8.8,8.63,160542.0,600000
964,2019-01-31,8.75,8.89,8.89,8.67,251310.0,600000
965,2019-02-01,8.98,8.93,8.98,8.78,191193.0,600000
966,2019-02-11,8.78,8.86,8.89,8.78,202165.0,600000
967,2019-02-12,8.87,8.88,8.89,8.79,167696.0,600000
968,2019-02-13,8.9,9.02,9.09,8.84,302486.0,600000
969,2019-02-14,9.01,8.98,9.07,8.96,198152.0,600000
970,2019-02-15,8.94,8.82,9.01,8.82,177587.0,600000
971,2019-02-18,8.91,9.0,9.03,8.86,201022.0,600000
972,2019-02-19,9.01,8.96,9.12,8.94,259527.0,600000
973,2019-02-20,9.08,8.99,9.08,8.97,222863.0,600000
974,2019-02-21,8.99,8.95,9.09,8.91,254023.0,600000
975,2019-02-22,8.92,9.17,9.17,8.92,259074.0,600000
976,2019-02-25,9.19,10.08,10.11,9.19,937122.0,600000
977,2019-02-26,10.07,9.81,10.31,9.76,836432.0,600000
978,2019-02-27,9.87,9.99,10.23,9.83,712016.0,600000
979,2019-02-28,9.99,9.9,10.08,9.84,393934.0,600000
980,2019-03-01,9.97,10.18,10.22,9.76,632546.0,600000
981,2019-03-04,10.28,10.18,10.54,10.11,850247.0,600000
982,2019-03-05,10.17,10.14,10.2,10.03,545642.0,600000
983,2019-03-06,10.15,10.18,10.31,10.02,536931.0,600000
984,2019-03-07,10.19,10.04,10.2,10.03,526188.0,600000
985,2019-03-08,9.88,9.66,9.88,9.52,526705.0,600000
986,2019-03-11,9.6,9.63,9.75,9.52,399220.0,600000
987,2019-03-12,9.75,9.6,9.85,9.56,522118.0,600000
988,2019-03-13,9.57,9.6,9.72,9.46,413730.0,600000
989,2019-03-14,9.62,9.62,9.74,9.59,343378.0,600000
990,2019-03-15,9.63,9.59,9.76,9.59,337693.0,600000
991,2019-03-18,9.61,9.75,9.76,9.53,438795.0,600000
992,2019-03-19,9.79,9.71,9.83,9.67,275002.0,600000
993,2019-03-20,9.68,9.71,9.8,9.65,273254.0,600000
994,2019-03-21,9.72,9.62,9.75,9.6,350370.0,600000
995,2019-03-22,9.65,9.55,9.67,9.47,354364.0,600000
996,2019-03-25,9.44,9.19,9.45,9.17,577165.0,600000
997,2019-03-26,9.27,9.25,9.3,9.19,307957.0,600000
998,2019-03-27,9.27,9.24,9.4,9.2,421244.0,600000
999,2019-03-28,9.19,9.19,9.21,9.06,292961.0,600000
1000,2019-03-29,9.14,9.44,9.46,9.14,605262.0,600000
1001,2019-04-01,9.52,9.6,9.68,9.45,706374.0,600000
1002,2019-04-02,9.66,9.6,9.68,9.57,467147.0,600000
1003,2019-04-03,9.53,9.66,9.7,9.5,502710.0,600000
1004,2019-04-04,9.71,9.87,9.87,9.7,752325.0,600000
1005,2019-04-08,9.95,9.88,10.12,9.81,778703.0,600000
1006,2019-04-09,9.88,9.7,9.91,9.65,568959.0,600000
1007,2019-04-10,9.66,9.64,9.72,9.58,410275.0,600000
1008,2019-04-11,9.63,9.63,9.75,9.51,501727.0,600000
1009,2019-04-12,9.63,9.65,9.72,9.59,262736.0,600000
1010,2019-04-15,9.83,9.63,9.93,9.62,705091.0,600000
1011,2019-04-16,9.62,10.11,10.15,9.59,1006654.0,600000
1012,2019-04-17,10.12,10.07,10.25,10.04,681572.0,600000
1013,2019-04-18,10.07,10.07,10.21,10.0,430489.0,600000
1014,2019-04-19,10.17,10.17,10.36,10.02,560130.0,600000
1015,2019-04-22,10.18,9.87,10.23,9.84,533894.0,600000
1016,2019-04-23,9.84,9.86,9.96,9.79,338477.0,600000
1017,2019-04-24,9.92,9.78,9.93,9.67,382011.0,600000
1018,2019-04-25,9.72,9.7,9.85,9.64,408761.0,600000
1019,2019-04-26,9.59,9.48,9.72,9.44,424695.0,600000
1020,2019-04-29,9.51,9.64,9.7,9.5,385869.0,600000
1021,2019-04-30,9.86,10.13,10.25,9.86,1234747.0,600000
1022,2019-05-06,9.91,9.96,10.02,9.7,1245454.0,600000
1023,2019-05-07,9.98,9.96,10.1,9.76,854899.0,600000
1024,2019-05-08,9.8,9.67,9.94,9.65,585001.0,600000
1025,2019-05-09,9.64,9.28,9.72,9.26,641280.0,600000
1026,2019-05-10,9.39,9.48,9.58,9.22,485507.0,600000
1027,2019-05-13,9.36,9.47,9.56,9.31,402849.0,600000
1028,2019-05-14,9.34,9.37,9.6,9.33,418889.0,600000
1029,2019-05-15,9.44,9.48,9.58,9.39,344044.0,600000
1030,2019-05-16,9.44,9.46,9.52,9.38,341417.0,600000
1031,2019-05-17,9.48,9.4,9.51,9.36,383998.0,600000
1032,2019-05-20,9.44,9.5,9.6,9.41,349044.0,600000
1033,2019-05-21,9.49,9.48,9.61,9.47,329758.0,600000
1034,2019-05-22,9.48,9.32,9.5,9.28,400003.0,600000
1035,2019-05-23,9.28,9.26,9.31,9.11,363126.0,600000
1036,2019-05-24,9.33,9.27,9.38,9.16,241602.0,600000
1037,2019-05-27,9.25,9.38,9.42,9.12,350879.0,600000
1038,2019-05-28,9.35,9.45,9.46,9.18,722781.0,600000
1039,2019-05-29,9.33,9.28,9.45,9.23,408609.0,600000
1040,2019-05-30,9.34,9.27,9.34,9.19,266500.0,600000
1041,2019-05-31,9.27,9.29,9.39,9.21,369767.0,600000
1042,2019-06-03,9.33,9.44,9.45,9.29,304920.0,600000
1043,2019-06-04,9.45,9.51,9.53,9.42,250773.0,600000
1044,2019-06-05,9.59,9.57,9.68,9.51,314236.0,600000
1045,2019-06-06,9.67,9.63,9.67,9.54,264272.0,600000
1046,2019-06-10,9.73,9.77,9.86,9.69,431837.0,600000
1047,2019-06-11,9.86,9.93,9.96,9.78,522662.0,600000
1048,2019-06-12,9.93,10.11,10.21,9.91,506352.0,600000
1049,2019-06-13,10.08,10.21,10.3,10.01,469660.0,600000
1050,2019-06-14,10.25,10.3,10.38,10.22,473851.0,600000
1051,2019-06-17,10.29,10.28,10.43,10.26,352201.0,600000
1052,2019-06-18,10.33,10.33,10.41,10.23,289651.0,600000
1053,2019-06-19,10.55,10.39,10.58,10.32,449277.0,600000
1054,2019-06-20,10.46,10.71,10.83,10.36,716474.0,600000
1055,2019-06-21,10.69,10.6,10.81,10.54,553811.0,600000
1056,2019-06-24,10.6,10.54,10.64,10.47,341953.0,600000
1057,2019-06-25,10.49,10.17,10.49,10.02,803593.0,600000
1058,2019-06-26,10.07,10.17,10.24,10.06,369731.0,600000
1059,2019-06-27,10.19,10.15,10.35,10.06,479977.0,600000
1060,2019-06-28,10.18,10.19,10.19,10.05,295451.0,600000
1061,2019-07-01,10.37,10.22,10.43,10.2,548878.0,600000
1062,2019-07-02,10.23,10.12,10.25,10.08,511657.0,600000
1063,2019-07-03,10.13,10.07,10.14,10.02,365670.0,600000
1064,2019-07-04,10.12,10.13,10.18,10.08,303692.0,600000
1065,2019-07-05,10.14,10.08,10.15,10.04,257532.0,600000
1066,2019-07-08,10.07,9.87,10.08,9.82,347106.0,600000
1067,2019-07-09,9.91,9.88,9.94,9.84,218854.0,600000
1068,2019-07-10,9.94,9.86,9.94,9.82,234098.0,600000
1069,2019-07-11,9.94,9.91,9.97,9.85,232858.0,600000
1070,2019-07-12,9.9,10.03,10.13,9.9,348169.0,600000
1071,2019-07-15,9.91,10.01,10.05,9.73,403056.0,600000
1072,2019-07-16,10.01,10.06,10.08,9.95,216060.0,600000
1073,2019-07-17,10.0,9.99,10.08,9.97,174803.0,600000
1074,2019-07-18,10.04,10.0,10.04,9.96,182600.0,600000
1075,2019-07-19,10.02,10.09,10.14,10.0,196196.0,600000
1076,2019-07-22,10.05,9.99,10.14,9.98,256178.0,600000
1077,2019-07-23,9.94,10.0,10.07,9.94,179278.0,600000
1078,2019-07-24,10.05,10.1,10.19,10.04,241122.0,600000
1079,2019-07-25,10.08,10.39,10.47,10.08,559002.0,600000
1080,2019-07-26,10.34,10.38,10.45,10.32,303689.0,600000
1081,2019-07-29,10.41,10.37,10.45,10.31,214650.0,600000
1082,2019-07-30,10.35,10.37,10.51,10.35,337310.0,600000
1083,2019-07-31,10.32,10.38,10.45,10.24,306507.0,600000
1084,2019-08-01,10.27,10.16,10.36,10.14,324717.0,600000
1085,2019-08-02,9.99,9.99,10.07,9.92,389760.0,600000
1086,2019-08-05,9.93,9.75,9.97,9.74,427190.0,600000
1087,2019-08-06,9.61,9.6,9.74,9.48,452038.0,600000
1088,2019-08-07,9.65,9.58,9.67,9.56,314620.0,600000
1089,2019-08-08,9.66,9.77,9.82,9.62,332580.0,600000
1090,2019-08-09,9.82,9.88,9.92,9.77,406379.0,600000
1091,2019-08-12,9.84,9.94,9.96,9.82,349890.0,600000
1092,2019-08-13,9.91,9.84,9.91,9.8,188399.0,600000
1093,2019-08-14,9.93,9.79,9.99,9.79,198744.0,600000
1094,2019-08-15,9.67,9.8,9.83,9.63,191011.0,600000
1095,2019-08-16,9.76,9.73,9.85,9.72,248235.0,600000
1096,2019-08-19,9.73,9.89,9.89,9.59,382533.0,600000
1097,2019-08-20,9.81,9.88,9.98,9.79,237580.0,600000
1098,2019-08-21,9.86,9.92,9.95,9.85,146565.0,600000
1099,2019-08-22,9.94,9.94,9.96,9.88,158668.0,600000
1100,2019-08-23,9.9,10.1,10.1,9.89,336553.0,600000
1101,2019-08-26,9.9,9.81,9.95,9.66,418451.0,600000
1102,2019-08-27,9.88,9.81,10.08,9.81,662474.0,600000
1103,2019-08-28,9.88,9.83,9.91,9.81,255255.0,600000
1104,2019-08-29,9.81,9.74,9.86,9.69,280495.0,600000
1105,2019-08-30,9.85,9.79,9.88,9.73,254240.0,600000
1106,2019-09-02,9.81,9.85,9.93,9.75,277498.0,600000
1107,2019-09-03,9.9,9.86,9.92,9.82,162866.0,600000
1108,2019-09-04,9.91,10.0,10.01,9.87,306709.0,600000
1109,2019-09-05,10.01,10.13,10.25,10.01,468280.0,600000
1110,2019-09-06,10.19,10.2,10.21,10.09,343920.0,600000
1111,2019-09-09,10.29,10.26,10.3,10.19,400593.0,600000
1112,2019-09-10,10.3,10.36,10.37,10.2,370410.0,600000
1113,2019-09-11,10.36,10.46,10.51,10.36,390636.0,600000
1114,2019-09-12,10.59,10.51,10.6,10.43,261048.0,600000
1115,2019-09-16,10.5,10.44,10.52,10.34,254891.0,600000
1116,2019-09-17,10.47,10.32,10.52,10.28,335589.0,600000
1117,2019-09-18,10.45,10.44,10.51,10.38,313872.0,600000
1118,2019-09-19,10.51,10.45,10.51,10.39,237421.0,600000
1119,2019-09-20,10.5,10.46,10.5,10.36,401092.0,600000
1120,2019-09-23,10.41,10.26,10.43,10.19,277107.0,600000
1121,2019-09-24,10.32,10.26,10.37,10.24,218709.0,600000
1122,2019-09-25,10.26,10.32,10.46,10.2,301363.0,600000
1123,2019-09-26,10.39,10.48,10.69,10.35,727264.0,600000
1124,2019-09-27,10.46,10.41,10.5,10.27,368078.0,600000
1125,2019-09-30,10.36,10.35,10.58,10.32,359475.0,600000
1126,2019-10-08,10.31,10.41,10.54,10.31,324158.0,600000
1127,2019-10-09,10.33,10.5,10.64,10.31,422096.0,600000
1128,2019-10-10,10.53,10.47,10.55,10.42,272612.0,600000
1129,2019-10-11,10.56,10.96,10.96,10.51,920308.0,600000
1130,2019-10-14,11.1,11.45,11.73,11.03,1239701.0,600000
1131,2019-10-15,11.46,11.6,11.65,11.37,733945.0,600000
1132,2019-10-16,11.59,11.59,11.84,11.41,670022.0,600000
1133,2019-10-17,11.58,11.68,11.76,11.54,478693.0,600000
1134,2019-10-18,11.75,11.29,11.8,11.23,649928.0,600000
1135,2019-10-21,11.31,11.42,11.54,11.26,389962.0,600000
1136,2019-10-22,11.54,11.44,11.56,11.28,313962.0,600000
1137,2019-10-23,11.4,11.37,11.46,11.28,328214.0,600000
1138,2019-10-24,11.49,11.6,11.75,11.46,1031588.0,600000
1139,2019-10-25,11.6,11.41,11.6,11.29,978763.0,600000
1140,2019-10-28,11.26,11.21,11.39,11.16,723804.0,600000
1141,2019-10-29,11.25,11.28,11.36,11.13,526040.0,600000
1142,2019-10-30,11.26,11.1,11.3,11.03,537347.0,600000
1143,2019-10-31,11.19,11.02,11.21,11.01,333475.0,600000
1144,2019-11-01,11.01,11.26,11.34,10.95,627057.0,600000
1145,2019-11-04,11.26,11.25,11.4,11.2,497379.0,600000
1146,2019-11-05,11.25,11.46,11.7,11.2,742743.0,600000
1147,2019-11-06,11.46,11.43,11.61,11.37,460239.0,600000
1148,2019-11-07,11.46,11.27,11.46,11.22,462672.0,600000
1149,2019-11-08,11.31,11.08,11.32,11.07,488418.0,600000
1150,2019-11-11,10.99,10.8,10.99,10.8,385942.0,600000
1151,2019-11-12,10.82,10.75,10.87,10.68,392393.0,600000
1152,2019-11-13,10.72,10.74,10.8,10.66,322749.0,600000
1153,2019-11-14,10.74,10.65,10.78,10.61,289436.0,600000
1154,2019-11-15,10.73,10.66,10.77,10.63,273242.0,600000
1155,2019-11-18,10.68,10.75,10.86,10.64,287965.0,600000
1156,2019-11-19,10.71,10.74,10.82,10.69,293708.0,600000
1157,2019-11-20,10.68,10.55,10.73,10.52,380920.0,600000
1158,2019-11-21,10.51,10.47,10.55,10.42,346171.0,600000
1159,2019-11-22,10.52,10.5,10.57,10.45,295310.0,600000
1160,2019-11-25,10.54,10.58,10.65,10.51,251532.0,600000
1161,2019-11-26,10.66,10.57,10.68,10.49,596332.0,600000
1162,2019-11-27,10.58,10.5,10.58,10.41,287039.0,600000
1163,2019-11-28,10.51,10.47,10.52,10.43,177972.0,600000
1164,2019-11-29,10.44,10.42,10.58,10.4,245669.0,600000
1165,2019-12-02,10.47,10.38,10.48,10.33,221630.0,600000
1166,2019-12-03,10.32,10.37,10.41,10.28,195578.0,600000
1167,2019-12-04,10.29,10.26,10.34,10.21,247346.0,600000
1168,2019-12-05,10.3,10.4,10.4,10.27,249761.0,600000
1169,2019-12-06,10.43,10.43,10.46,10.34,206544.0,600000
1170,2019-12-09,10.41,10.41,10.44,10.36,173492.0,600000
1171,2019-12-10,10.39,10.37,10.42,10.37,153246.0,600000
1172,2019-12-11,10.39,10.49,10.5,10.36,334090.0,600000
1173,2019-12-12,10.5,10.41,10.5,10.39,270212.0,600000
1174,2019-12-13,10.49,10.63,10.63,10.45,595205.0,600000
1175,2019-12-16,10.63,10.64,10.66,10.51,379716.0,600000
1176,2019-12-17,10.68,10.9,11.02,10.61,574356.0,600000
1177,2019-12-18,10.87,10.91,11.01,10.85,345652.0,600000
1178,2019-12-19,10.91,10.92,11.01,10.89,237899.0,600000
1179,2019-12-20,10.92,10.93,11.06,10.89,401501.0,600000
1180,2019-12-23,10.97,10.71,10.97,10.68,370338.0,600000
1181,2019-12-24,10.72,10.79,10.8,10.71,216710.0,600000
1182,2019-12-25,10.8,10.75,10.8,10.71,136781.0,600000
1183,2019-12-26,10.77,10.8,10.83,10.74,157390.0,600000
1184,2019-12-27,10.76,10.83,10.94,10.76,279321.0,600000
1185,2019-12-30,10.78,10.85,10.87,10.63,410515.0,600000
1186,2019-12-31,10.83,10.88,10.89,10.72,319536.0,600000
1187,2020-01-02,10.98,10.98,11.15,10.96,516290.0,600000
1188,2020-01-03,11.08,11.11,11.14,10.98,380188.0,600000
1189,2020-01-06,11.03,10.97,11.16,10.93,410011.0,600000
1190,2020-01-07,11.02,11.01,11.11,10.97,284214.0,600000
1191,2020-01-08,10.92,10.83,10.96,10.76,352405.0,600000
1192,2020-01-09,10.9,10.88,10.94,10.86,261514.0,600000
1193,2020-01-10,10.88,10.9,10.93,10.82,183212.0,600000
1194,2020-01-13,10.91,10.92,10.92,10.82,207155.0,600000
1195,2020-01-14,10.91,10.94,11.2,10.9,299945.0,600000
1196,2020-01-15,10.92,10.76,10.96,10.76,318972.0,600000
1197,2020-01-16,10.79,10.71,10.82,10.67,224548.0,600000
1198,2020-01-17,10.73,10.74,10.8,10.67,175931.0,600000
1199,2020-01-20,10.77,10.76,10.78,10.7,237346.0,600000
1200,2020-01-21,10.71,10.59,10.76,10.55,317874.0,600000
1201,2020-01-22,10.21,10.28,10.35,10.16,781335.0,600000
1202,2020-01-23,10.26,9.86,10.26,9.83,765347.0,600000
1203,2020-02-03,8.73,8.98,9.2,8.73,953673.0,600000
1204,2020-02-04,9.02,9.17,9.25,8.99,667837.0,600000
1205,2020-02-05,9.2,9.21,9.29,9.09,450466.0,600000
1206,2020-02-06,9.32,9.3,9.37,9.16,380238.0,600000
1207,2020-02-07,9.24,9.37,9.42,9.18,318969.0,600000
1208,2020-02-10,9.27,9.28,9.35,9.22,340321.0,600000
1209,2020-02-11,9.33,9.37,9.46,9.29,348563.0,600000
1210,2020-02-12,9.35,9.37,9.39,9.27,263139.0,600000
1211,2020-02-13,9.33,9.27,9.39,9.27,226306.0,600000
1212,2020-02-14,9.27,9.37,9.39,9.25,223605.0,600000
1213,2020-02-17,9.39,9.69,9.72,9.37,413433.0,600000
1214,2020-02-18,9.6,9.57,9.69,9.55,301627.0,600000
1215,2020-02-19,9.59,9.62,9.75,9.55,251001.0,600000
1216,2020-02-20,9.68,9.74,9.78,9.57,366564.0,600000
1217,2020-02-21,9.74,9.81,9.9,9.72,389494.0,600000
1218,2020-02-24,9.74,9.67,9.85,9.61,447386.0,600000
1219,2020-02-25,9.58,9.6,9.66,9.52,483245.0,600000
1220,2020-02-26,9.52,9.71,9.84,9.52,519062.0,600000
1221,2020-02-27,9.71,9.72,9.81,9.64,330298.0,600000
1222,2020-02-28,9.62,9.36,9.69,9.36,501379.0,600000
1223,2020-03-02,9.46,9.55,9.61,9.43,392450.0,600000
1224,2020-03-03,9.64,9.57,9.74,9.55,393324.0,600000
1225,2020-03-04,9.52,9.54,9.61,9.46,346283.0,600000
1226,2020-03-05,9.59,9.83,9.83,9.54,730478.0,600000
1227,2020-03-06,9.74,9.63,9.79,9.62,415878.0,600000
1228,2020-03-09,9.51,9.29,9.51,9.26,594952.0,600000
1229,2020-03-10,9.22,9.38,9.47,9.21,447617.0,600000
1230,2020-03-11,9.44,9.28,9.44,9.28,316888.0,600000
1231,2020-03-12,9.26,9.15,9.26,9.12,326324.0,600000
1232,2020-03-13,8.91,9.21,9.24,8.79,574571.0,600000
1233,2020-03-16,9.21,9.02,9.29,9.01,476499.0,600000
1234,2020-03-17,9.19,8.94,9.2,8.8,421390.0,600000
1235,2020-03-18,8.91,8.72,9.01,8.71,331766.0,600000
1236,2020-03-19,8.7,8.45,8.85,8.37,557071.0,600000
1237,2020-03-20,8.63,8.6,8.69,8.47,426094.0,600000
1238,2020-03-23,8.46,8.35,8.46,8.33,282860.0,600000
1239,2020-03-24,8.54,8.57,8.64,8.49,289908.0,600000
1240,2020-03-25,8.71,8.66,8.78,8.63,321723.0,600000
1241,2020-03-26,8.61,8.74,8.88,8.59,309218.0,600000
1242,2020-03-27,8.86,8.75,8.89,8.71,271080.0,600000
1243,2020-03-30,8.69,8.79,8.79,8.62,260460.0,600000
1244,2020-03-31,8.81,8.66,8.87,8.64,261449.0,600000
1245,2020-04-01,8.62,8.6,8.77,8.6,224792.0,600000
1246,2020-04-02,8.6,8.71,8.71,8.58,170421.0,600000
1247,2020-04-03,8.64,8.66,8.72,8.63,148424.0,600000
1248,2020-04-07,8.81,8.79,8.84,8.74,238256.0,600000
1249,2020-04-08,8.76,8.75,8.8,8.69,179523.0,600000
1250,2020-04-09,8.77,8.71,8.8,8.69,135696.0,600000
1251,2020-04-10,8.73,8.72,8.75,8.66,166255.0,600000
1252,2020-04-13,8.66,8.62,8.73,8.61,119670.0,600000
1253,2020-04-14,8.68,8.76,8.76,8.63,177929.0,600000
1254,2020-04-15,8.71,8.69,8.78,8.66,149456.0,600000
1255,2020-04-16,8.61,8.67,8.69,8.61,144032.0,600000
1256,2020-04-17,8.69,8.71,8.74,8.66,227444.0,600000
1257,2020-04-20,8.66,8.62,8.7,8.6,235037.0,600000
1258,2020-04-21,8.58,8.54,8.63,8.52,175575.0,600000
1259,2020-04-22,8.53,8.58,8.58,8.49,158024.0,600000
1260,2020-04-23,8.61,8.57,8.61,8.52,168786.0,600000
1261,2020-04-24,8.57,8.57,8.6,8.52,169731.0,600000
